student_answers,model_answers,grades
Blockchain is a decentralized digital ledger that records transactions across many computers in such a way that the registered transactions cannot be altered retroactively ensuring transparency and security   ,Blockchain is a decentralized digital ledger that records transactions across many computers in such a way that the registered transactions cannot be altered retroactively ensuring transparency and security   ,5.0
          ,Decentralization Eliminates the need for a central authority Transparency Every transaction is visible to all participants Security Cryptographic techniques ensure data integrity Immutability Once recorded transactions cannot be altered   ,0.0
Decentralization Transparency Security Immutability         ,Decentralization Transparency Security Immutability         ,5.0
Data Transaction details Hash A unique identifier for the block Previous Block Hash Link to the previous block Timestamp Time when the block was created Nonce A random number used for mining ,Data Transaction details Hash A unique identifier for the block Previous Block Hash Link to the previous block Timestamp Time when the block was created Nonce A random number used for mining ,5.0
  Request for Method       ,  Remote Method Invocation       ,4.0
Atomicity is one of the key properties of database transactions in the context of ACID       ,Atomicity is one of the key properties of database transactions in the context of ACID       ,5.0
A distributed database is a database in which data is stored across different locations       ,A distributed database is a database in which data is stored across different physical locations connected by a network and managed collectively     ,5.0
  Request for Comments       ,  Request for Comments       ,4.5
Sharding Splitting a database into smaller manageable pieces Vertical Scaling Increasing the power of existing hardware Horizontal Scaling Adding more machines to handle the load Off-Chain Transactions Processing transactions outside the main blockchain to reduce load ,Sharding Splitting a database into smaller manageable pieces Vertical Scaling Increasing the power of existing hardware Horizontal Scaling Adding more machines to handle the load Off-Chain Transactions Processing transactions outside the main blockchain to reduce load ,5.0
